热门查询,点击次数,展示,点击率,排名
grok会员,38,362,0.105,8.31
grok代充,21,108,0.19440000000000002,6.19
grok ai 伴侣 安卓,19,74,0.2568,5.27
grok账号,18,78,0.23079999999999998,7.28
grok会员购买,13,49,0.26530000000000004,6.84
grok 伴侣 模式 安卓,11,36,0.3056,4.47
grok 账号 购买,8,48,0.16670000000000001,5.71
grok免费次数,8,41,0.19510000000000002,7.2
grok 会员 共享,7,43,0.1628,6.21
grok会员代充,7,20,0.35,5.15
grok购买,6,38,0.15789999999999998,7.26
grok账号购买,5,42,0.11900000000000001,6.55
grok 无限 次数,5,41,0.122,5.44
grok共享账号,5,23,0.21739999999999998,6.96
grok 会员,4,54,0.0741,10.19
grok 会员 代 充,4,26,0.15380000000000002,6.77
grok次数限制,4,18,0.22219999999999998,13.28
grok 免费 版 限制,3,24,0.125,7.46
grok 会员 账号 购买,3,23,0.1304,5.39
grok 账号 共享,3,22,0.1364,7.32
grok会员账号,3,19,0.15789999999999998,7.74
grok免费额度,3,17,0.1765,18.24
grok限额,3,9,0.3333,7.44
grok 购买,3,9,0.3333,10.89
grok 开发者模式,3,8,0.375,6.12
grok 免费 次数,3,8,0.375,8.0
grok共享会员,3,7,0.4286,3.86
gork代充,3,7,0.4286,5.43
grok 账号,2,30,0.0667,8.73
grok 免费,2,26,0.07690000000000001,8.08
grok 代充,2,20,0.1,6.15
supergrok 账号 购买,2,18,0.11109999999999999,9.11
grok账户,2,15,0.1333,7.6
grok 支付宝,2,13,0.15380000000000002,6.08
grok4.1免费额度,2,12,0.16670000000000001,7.58
grok 免费 额度,2,11,0.1818,7.64
grok一天能用几次,2,11,0.1818,7.73
grok 共享,2,10,0.2,7.8
grok 会员 购买,2,8,0.25,3.38
grok 使用 次数 限制,2,7,0.2857,12.43
grok的免费额度,2,6,0.3333,6.83
grok达到消息限制怎么办,2,5,0.4,6.6
grok充值,2,5,0.4,8.2
grok刷新时间,2,4,0.5,2.75
gork账号,2,4,0.5,5.75
supergrok购买,2,4,0.5,9.75
grok 开发 者 模式 不能 用 了,2,2,1.0,6.0
grok 免费 版,2,2,1.0,8.0
grok 会员 淘宝,1,39,0.0256,10.08
grok 伴侣模式 如何开启,1,38,0.0263,8.34
gork会员,1,20,0.05,7.5
grok共享,1,17,0.0588,7.35
grok 3 限制 次數,1,16,0.0625,9.44
grok账号共享,1,14,0.07139999999999999,5.29
grok免费,1,14,0.07139999999999999,8.0
grok会员有什么用,1,12,0.0833,8.0
grok每天使用次数,1,11,0.0909,7.18
supergrok代充,1,11,0.0909,7.91
grok 聊天上限,1,10,0.1,7.0
grok4免费额度,1,10,0.1,7.3
grok每天免费使用次数,1,10,0.1,7.8
grok对话上限,1,9,0.11109999999999999,6.56
grok 4 共享 账号,1,9,0.11109999999999999,7.11
supergrok 账号 共享,1,9,0.11109999999999999,7.11
super grok 账号,1,9,0.11109999999999999,9.67
grok限制次数,1,8,0.125,9.12
grok 怎么 解除 次数 限制,1,8,0.125,28.75
grok伴侣模式,1,7,0.1429,5.14
grok开发者模式,1,6,0.16670000000000001,3.83
grok提示词突破限制,1,6,0.16670000000000001,5.33
supergrok 共享,1,6,0.16670000000000001,7.5
grok 会员 账号,1,6,0.16670000000000001,7.67
grok 伴侣 功能,1,5,0.2,6.2
grok 次數限制,1,5,0.2,11.6
grok如何突破限制,1,4,0.25,4.75
grok有次数限制吗,1,4,0.25,7.0
grok开发者,1,4,0.25,10.5
grok 伴侣模式,1,4,0.25,13.0
grok无限次数,1,3,0.3333,6.0
supergrok 购买,1,3,0.3333,11.33
supergrok 共享 账号,1,3,0.3333,13.67
grok已达到消息限制,1,3,0.3333,16.33
grok 生成上限,1,2,0.5,3.0
super grok vs free grok,1,2,0.5,4.0
x 会员 代 充,1,2,0.5,5.5
supergrok账号,1,2,0.5,7.0
grok 限制 次数,1,2,0.5,8.0
grok 無限 使用,1,2,0.5,9.5
x premium vs super grok,1,2,0.5,9.5
super grok 免費,1,2,0.5,17.5
grok 已 达到 消息 限制,1,2,0.5,20.5
grok 使用 上限,1,1,1.0,3.0
grok premium vs free,1,1,1.0,5.0
grok免费用,1,1,1.0,5.0
gork 上限,1,1,1.0,18.0
grok 4.1 免费用户 每天对话次数,0,194,0.0,4.04
grok 免费用户 每天对话次数,0,97,0.0,7.36
grok 4.1 免费用户每天对话次数,0,72,0.0,4.35
grok 4 thinking 免费 次数,0,71,0.0,1.55
grok 免费用户每天对话次数,0,61,0.0,6.95
grok 4.1 免费用户 每天对话次数限制,0,57,0.0,2.39
"""grok developer mode"" xai",0,57,0.0,3.6
grok 4.1 thinking 免费 次数,0,53,0.0,1.87
grok 4.1 免费用户每天对话次数限制,0,41,0.0,2.12
grok app 中国区 app store,0,39,0.0,5.51
grok ai 伴侣模式,0,33,0.0,2.67
grok 4.1 thinking 免费用户 每天对话次数,0,33,0.0,4.55
伴侣模式 grok,0,33,0.0,4.79
grok 4.1 thinking 免费 每天几次,0,33,0.0,4.82
grok 4 thinking 免费 对话次数,0,33,0.0,4.91
grok 4.1 免费每天几次,0,32,0.0,6.06
grok 免费用户每天对话几次,0,30,0.0,7.7
grok 4.1 thinking 免费用户每天对话次数,0,29,0.0,5.24
grok app 中国大陆 下载 2026,0,29,0.0,7.28
grok app 中国 app store,0,28,0.0,6.82
grok 4.1 免费用户 每天限制,0,28,0.0,7.32
grok 4.1 thinking 免费每天几次,0,27,0.0,4.67
grok app 中国大陆 app store 可用吗 2026,0,19,0.0,4.21
grok ani 如何开启 2026,0,17,0.0,7.06
grok 4.1 thinking 免费 限制 or 次数 or quota or limit,0,16,0.0,1.5
grok 4.1 免费用户 每天对话次数 限额,0,16,0.0,2.25
grok高级版,0,16,0.0,7.56
grok 陪伴模式,0,16,0.0,9.06
grok app 中国区 app store 下载,0,15,0.0,3.87
grok 4.1 thinking 免费 限额 or 次数 or quota or limit,0,14,0.0,1.14
grok 4.1 免费用户 每天限制 or 对话次数,0,13,0.0,1.0
grok app 中国 下载 方法 2026,0,13,0.0,5.08
grok app 中国 app store 下载,0,13,0.0,7.46
grok额度,0,13,0.0,9.08
grok每日限制,0,13,0.0,9.31
xai grok supergrok 区别,0,12,0.0,5.42
grok 免费用户 每天对话次数 限制,0,12,0.0,6.33
grok 4.1 thinking 免费用户每天对话几次,0,12,0.0,8.33
grok app 中国直连,0,12,0.0,9.08
grok 4.1 thinking 免费 次数 or 限制 or quota,0,11,0.0,1.82
grok 伴侣模式 是什么,0,11,0.0,4.82
grok限制,0,11,0.0,17.55
grok 4.1 thinking 免费 次数 or 限额 or quota,0,10,0.0,2.0
xai grok 伴侣模式,0,10,0.0,2.3
grok 4.1 thinking 每天几次 免费,0,10,0.0,3.9
grok xai 使用次数限制 2026,0,10,0.0,4.0
"""grok free limit"" 2026",0,10,0.0,5.1
grok app 中国 app store 可用,0,10,0.0,8.6
如何开启ani,0,10,0.0,9.8
grok免费版使用限制,0,10,0.0,13.4
grok代充值,0,9,0.0,6.67
grok 会员 价格,0,9,0.0,10.11
grok上限,0,9,0.0,11.22
grok 4.1 免费用户 每天对话次数 限制,0,8,0.0,2.75
super grok 和普通 grok 区别,0,8,0.0,3.75
grok app 中国区 app store 可用吗 2026,0,8,0.0,6.12
grok 4.1 thinking 免费 限额 or 次数 or 每天,0,8,0.0,6.38
grok会员共享,0,8,0.0,8.12
grok app 中国 直连,0,8,0.0,8.75
grok app 中国应用商店,0,8,0.0,8.88
grok 限制 次數,0,8,0.0,9.12
grok租号,0,8,0.0,9.38
grok 4.1 thinking 免费 对话次数,0,7,0.0,2.29
grok 4.1 thinking 免费 每天几次 or 限额,0,7,0.0,3.14
grok 4.1 thinking 免费用户 每天限制,0,7,0.0,3.29
grok 伴侣模式 安卓,0,7,0.0,5.29
grok 免费版和付费版区别,0,7,0.0,5.71
grok 伴侣 安卓,0,7,0.0,7.0
grok app 中国大陆 直连,0,7,0.0,7.86
grok 會員 淘 寶,0,7,0.0,8.29
如何在中国下载 grok app,0,7,0.0,8.57
安卓 ani 是什么,0,7,0.0,9.71
gork 会员,0,7,0.0,10.29
grok 免费用户 每天对话次数 or 限制,0,7,0.0,10.57
grok free limits,0,7,0.0,10.86
grok ani android,0,7,0.0,11.14
grok订阅,0,7,0.0,20.14
grok ai 伴侣功能,0,6,0.0,1.0
grok会员免费,0,6,0.0,5.67
grok ai 使用上限 2026,0,6,0.0,5.83
grok 共享 账号,0,6,0.0,6.5
grok 虚拟 伴侣 怎么 使用,0,6,0.0,7.33
grok 免费用户 每天 对话次数,0,6,0.0,8.5
supergrok 是什么 xai grok,0,6,0.0,8.83
grok ai 如何打开成人模式,0,6,0.0,9.33
grok 额度,0,6,0.0,10.0
grok api 购买,0,6,0.0,11.0
grok会员价格,0,6,0.0,12.33
grok 4.1 thinking free limit or quota or 次数 or 限制,0,5,0.0,1.0
grok xai 如何订阅,0,5,0.0,2.8
grok app 中国区 app store 可用吗,0,5,0.0,3.2
grok 4.1 thinking 免费用户 每天 对话 次数,0,5,0.0,3.6
grok ai 无限制模式,0,5,0.0,3.8
grok ai 有聊天次数限制吗,0,5,0.0,4.6
grok app 中国 下载 直连,0,5,0.0,5.4
grok 共享账号,0,5,0.0,5.4
grok伴侣,0,5,0.0,6.6
grok ai伴侣,0,5,0.0,6.8
grok 每天限制,0,5,0.0,6.8
grok生成视频次数,0,5,0.0,7.0
maynorai.top grok,0,5,0.0,7.0
grok ai 使用次数限制 2026,0,5,0.0,7.6
super grok是什么,0,5,0.0,7.8
grok ai 伴侣,0,5,0.0,8.2
grok free limit,0,5,0.0,9.8
grok免费使用次数,0,5,0.0,9.8
grok 伴侶 模式 android,0,5,0.0,11.4
grok xai 免费用户 每天对话次数,0,5,0.0,12.6
x premium grok,0,5,0.0,26.6
grok无限制,0,5,0.0,36.6
grok突破限制,0,4,0.0,2.5
grok ios app 中国 app store,0,4,0.0,3.75
grok xai 免费版 使用限制,0,4,0.0,3.75
grok 多久 刷新,0,4,0.0,3.75
grok app 下载 ios android,0,4,0.0,4.75
xai grok 伴侣模式 开启方法,0,4,0.0,5.0
super grok 是什么,0,4,0.0,6.25
grok 4.1 thinking 免费 限额 or 次数,0,4,0.0,6.5
grok premium+,0,4,0.0,6.75
supergrok 代充,0,4,0.0,6.75
ani怎么开启,0,4,0.0,7.25
grok免费限制,0,4,0.0,7.25
grok ai 伴侣模式 如何开启,0,4,0.0,7.5
grok 每日限额,0,4,0.0,7.5
grok聊天限制,0,4,0.0,7.5
grok免费版 限制,0,4,0.0,8.5
grok 4 免费用户 每天限额,0,4,0.0,9.0
grok 伴侶 android,0,4,0.0,10.25
grok vs chatgpt 区别,0,4,0.0,10.5
grok免费使用限制,0,4,0.0,14.5
grok 4 免费用户 每天限制,0,4,0.0,17.0
grok ani 安卓,0,4,0.0,18.0
grok 订阅,0,4,0.0,26.25
grok 免费 无 限制,0,4,0.0,26.75
grok 4.1 thinking 免费 每天几次 or 限制 or quota or limit,0,3,0.0,1.0
supergrok 特典,0,3,0.0,3.33
grok 聊天上限 2026,0,3,0.0,4.0
grok ani 最新,0,3,0.0,5.33
grok下载教程,0,3,0.0,6.33
grok的使用限制,0,3,0.0,6.67
grok app 下载地址,0,3,0.0,7.33
super grok 差別,0,3,0.0,7.33
supergrok 是什么 grok,0,3,0.0,7.67
怎么下载 grok xai app,0,3,0.0,7.67
grok ai 陪伴模式,0,3,0.0,8.0
grok 免费用户 每天对话限制,0,3,0.0,8.0
如何下载 grok xai app,0,3,0.0,8.33
grok 伴侣 模式,0,3,0.0,8.67
grok 免费版 限制,0,3,0.0,8.67
grok几种会员,0,3,0.0,8.67
super grok 跨 區,0,3,0.0,8.67
grok ani 現在,0,3,0.0,9.0
grok android apk 下载 中国,0,3,0.0,9.33
grok app 中国直连 2026,0,3,0.0,9.33
grok companion android,0,3,0.0,9.33
grok limitation,0,3,0.0,9.33
grok虚拟伴侣,0,3,0.0,9.33
grok 免费版 使用限制,0,3,0.0,9.67
grok 免費 版 限制,0,3,0.0,10.0
grok free vs paid,0,3,0.0,10.33
grok 4.1 thinking 免费用户 每日限制,0,3,0.0,10.67
grok ai 女友 安卓,0,3,0.0,10.67
grok app 中国 下载,0,3,0.0,10.67
grok limit,0,3,0.0,10.67
grok使用限制,0,3,0.0,10.67
super grok 使用 上限,0,3,0.0,12.0
grok怎么突破限制,0,3,0.0,12.67
grok 无限 使用,0,3,0.0,13.0
grok api 免費 額度,0,3,0.0,13.33
grok上限 時間,0,3,0.0,13.67
grok premium,0,3,0.0,24.0
supergrok 限制,0,3,0.0,41.33
supergrok,0,3,0.0,54.67
grok 每日上限,0,2,0.0,2.5
突破grok限制,0,2,0.0,3.0
grok 4.1 thinking 免费用户 每天 对话次数,0,2,0.0,5.0
grok 4.1 thinking 免费额度,0,2,0.0,5.0
grok ai 虚拟女友,0,2,0.0,5.0
grok ai usage limits,0,2,0.0,5.5
grok vs super grok,0,2,0.0,5.5
grok免费版,0,2,0.0,5.5
grok每天限制,0,2,0.0,5.5
super grok vs x premium,0,2,0.0,5.5
grok ai 上限,0,2,0.0,6.0
grok token limit,0,2,0.0,6.0
grok 突破 限制,0,2,0.0,6.0
grok次数,0,2,0.0,6.0
supergrok 账号,0,2,0.0,6.0
grok 4 免费用户 每天对话次数,0,2,0.0,6.5
grok 4.1 thinking 免费用户 每天对话几次,0,2,0.0,6.5
grok对话限制,0,2,0.0,6.5
grok 免费用户 每天对话次数 or 限额,0,2,0.0,7.5
grok app 中国 app store 下载 2026,0,2,0.0,8.0
grok 免費版,0,2,0.0,8.0
grok 免费用户 每天对话几次,0,2,0.0,8.0
grok api 调用,0,2,0.0,8.5
grok 伴侣,0,2,0.0,8.5
super grok 代 充,0,2,0.0,8.5
xai grok api python sdk,0,2,0.0,8.5
grok 3 限制,0,2,0.0,9.0
grok 4.1 thinking 免费 次数 or 限制 or 配额,0,2,0.0,9.0
grok 下载 ios,0,2,0.0,9.0
grok有限制吗,0,2,0.0,9.0
grok次數限制,0,2,0.0,9.5
grok每日上限,0,2,0.0,9.5
grok ai 如何开启成人模式,0,2,0.0,10.0
grok 限额,0,2,0.0,10.0
grok免费会员,0,2,0.0,10.0
grok 4 免費 次數,0,2,0.0,10.5
grok membership,0,2,0.0,10.5
grok usage limit,0,2,0.0,10.5
grok 安卓 ani,0,2,0.0,10.5
怎么下载 grok ai app,0,2,0.0,10.5
grok vs supergrok,0,2,0.0,11.5
grok使用上限,0,2,0.0,12.0
grok安装教程,0,2,0.0,12.0
grok apk 安装 包,0,2,0.0,13.5
grok ai 伴侣 怎么 用,0,2,0.0,15.0
grok companion,0,2,0.0,15.5
grok token 限制,0,2,0.0,16.5
grok4.1越狱提示词,0,2,0.0,17.0
grok 付费,0,2,0.0,23.5
grok 解除 限制 提示 词,0,2,0.0,25.0
grok 付費 版 差異,0,2,0.0,28.0
grok 4.1 越狱,0,2,0.0,28.5
grok 付費,0,2,0.0,49.5
grok 4.1 thinking 免费 每天几次 or 限制,0,1,0.0,1.0
grok 4.1 thinking 免费 限制 or 额度 or 次数,0,1,0.0,1.0
grok 4.1 thinking 免费用户 每天对话限制,0,1,0.0,1.0
grok 4.1 thinking 免费限额,0,1,0.0,1.0
grok付費版差異,0,1,0.0,1.0
grok ai 有次数限制吗,0,1,0.0,2.0
grok4 1 免费,0,1,0.0,2.0
grok 4 thinking 免费用户 每天限制,0,1,0.0,3.0
grok 4.1 thinking 免费用户每天限额,0,1,0.0,3.0
top crok,0,1,0.0,3.0
grok 4.1 thinking 免费用户 每天几次,0,1,0.0,4.0
grok app 中国大陆 app store 下载,0,1,0.0,4.0
grok 限制,0,1,0.0,4.0
xai grok3 beta网页版（免费）,0,1,0.0,4.0
ani 安卓,0,1,0.0,5.0
grok ai subscription supergrok premium+,0,1,0.0,5.0
grok app 中国大陆 下载,0,1,0.0,5.0
grok app 中国应用商店 下载,0,1,0.0,5.0
grok xai 视频生成 次数限制,0,1,0.0,5.0
grok 免费用户 每天对话次数 or 消息限制,0,1,0.0,5.0
grok 會員,0,1,0.0,5.0
grok3 无 限制 使用,0,1,0.0,5.0
grok開發者模式,0,1,0.0,5.0
super grok 有什么用,0,1,0.0,5.0
xai grok3 beta网页版,0,1,0.0,5.0
如何突破grok的限制,0,1,0.0,5.0
如何订阅 grok xai,0,1,0.0,5.0
grok app ios android 下载,0,1,0.0,6.0
grok paid version vs free,0,1,0.0,6.0
grok 次数 限制,0,1,0.0,6.0
grok的ai伴侣,0,1,0.0,6.0
supergrok是什么 xai grok,0,1,0.0,6.0
xai grok free usage limit,0,1,0.0,6.0
grok 4.1 thinking 免费用户每天对话次数限制,0,1,0.0,7.0
grok api base url x.ai,0,1,0.0,7.0
grok use limit,0,1,0.0,7.0
grok 女友模式,0,1,0.0,7.0
grok会员升级,0,1,0.0,7.0
grok使用指南,0,1,0.0,7.0
grok免费账号,0,1,0.0,7.0
grok解锁限制,0,1,0.0,7.0
super grok 账号 购买,0,1,0.0,7.0
supergrok vs gemini pro,0,1,0.0,7.0
supergrok 和 grok 区别,0,1,0.0,7.0
x premium+ vs super grok,0,1,0.0,7.0
x premium+/supergrok,0,1,0.0,7.0
grok ai 使用次数限制,0,1,0.0,8.0
grok ai 女友,0,1,0.0,8.0
grok free vs supergrok,0,1,0.0,8.0
grok 充值,0,1,0.0,8.0
grok无法下载,0,1,0.0,8.0
grok达到消息限制,0,1,0.0,8.0
grok限額,0,1,0.0,8.0
super grok 優惠,0,1,0.0,8.0
super grok 限制,0,1,0.0,8.0
supergrok 差別,0,1,0.0,8.0
x premium 取消訂閱,0,1,0.0,8.0
android grok ani,0,1,0.0,9.0
grok 4 thinking 免费用户 每天限额,0,1,0.0,9.0
grok 4.1 free limit,0,1,0.0,9.0
grok 4.1 thinking 免费用户 每日对话次数,0,1,0.0,9.0
grok 4.1提示词,0,1,0.0,9.0
grok 4.1越狱,0,1,0.0,9.0
grok app store download,0,1,0.0,9.0
grok x premium vs supergrok,0,1,0.0,9.0
grok xai 虚拟形象,0,1,0.0,9.0
grok 免费 限制,0,1,0.0,9.0
grok 无 限制 提示 词,0,1,0.0,9.0
grok无限使用,0,1,0.0,9.0
grok額度,0,1,0.0,9.0
help.x.com grok usage limits,0,1,0.0,9.0
super grok perks,0,1,0.0,9.0
super grok subscription,0,1,0.0,9.0
x premium vs grok subscription,0,1,0.0,9.0
x会员代充,0,1,0.0,9.0
free grok vs supergrok,0,1,0.0,10.0
grok 4 thinking 免费额度,0,1,0.0,10.0
grok ai 使用限制,0,1,0.0,10.0
grok ai 女友模式,0,1,0.0,10.0
grok android companion mode,0,1,0.0,10.0
grok vs gemini,0,1,0.0,10.0
grok 消息 限制 是 多少,0,1,0.0,10.0
grok免费额度是多少,0,1,0.0,10.0
grok女友模式,0,1,0.0,10.0
super grok x premium,0,1,0.0,10.0
super grok 上限,0,1,0.0,10.0
gork 免费,0,1,0.0,11.0
grok 3 免費 限制,0,1,0.0,11.0
grok ai companion app,0,1,0.0,11.0
grok ai女友,0,1,0.0,11.0
grok app store,0,1,0.0,11.0
grok companions android,0,1,0.0,11.0
grok 上限,0,1,0.0,11.0
grok 免費使用上限,0,1,0.0,11.0
grok 免费版 限制 2026,0,1,0.0,11.0
grok 无 限制,0,1,0.0,11.0
grok 每日限制,0,1,0.0,11.0
grok会员充值,0,1,0.0,11.0
grok免费用户额度,0,1,0.0,11.0
grok對話上限,0,1,0.0,11.0
super grok账号,0,1,0.0,11.0
supergrok subscription,0,1,0.0,11.0
supergrok vs gemini,0,1,0.0,11.0
supergrok 代充 推荐 2026,0,1,0.0,11.0
如何下载 grok ai app,0,1,0.0,11.0
grok api购买,0,1,0.0,12.0
grok 伴侶 模式 開啟,0,1,0.0,12.0
grok 額度,0,1,0.0,12.0
grok 免費 次數,0,1,0.0,13.0
grok会员多少钱,0,1,0.0,13.0
grok消息限制是多少,0,1,0.0,13.0
中国 如何下载 grok app,0,1,0.0,13.0
grok 折扣,0,1,0.0,14.0
grok消息限制,0,1,0.0,14.0
grok退款,0,1,0.0,14.0
supergrok 優惠,0,1,0.0,14.0
免费的grok,0,1,0.0,14.0
grok消息上限,0,1,0.0,15.0
grok 下载 apk,0,1,0.0,17.0
grok 已達到使用上限,0,1,0.0,17.0
grok使用次数限制,0,1,0.0,17.0
grok 安卓 下载 apk,0,1,0.0,18.0
grok 无 限制 使用,0,1,0.0,18.0
grok 解除 限制 指令,0,1,0.0,19.0
supergrok 免費,0,1,0.0,19.0
grok 聊天上限 20小时,0,1,0.0,20.0
grok3 免费,0,1,0.0,20.0
grok x premium,0,1,0.0,21.0
grok 使用次數,0,1,0.0,21.0
grok使用次数,0,1,0.0,21.0
grok的使用上限,0,1,0.0,21.0
grok 使用上限,0,1,0.0,22.0
grok 解除 限制 最新,0,1,0.0,22.0
grok付费,0,1,0.0,22.0
grok 账号 租用,0,1,0.0,23.0
grok 訂閱方案,0,1,0.0,26.0
grok 跨區訂閱,0,1,0.0,26.0
grok和chatgpt,0,1,0.0,27.0
grok 訂閱 優惠,0,1,0.0,28.0
grok usage limits,0,1,0.0,31.0
grok 伴侶 模式 怎麼 用,0,1,0.0,31.0
grok订阅价格,0,1,0.0,32.0
grok 和 chatgpt 对比,0,1,0.0,34.0
grok和gemini哪个好,0,1,0.0,38.0
grok 帳號,0,1,0.0,40.0
supergrok 订阅,0,1,0.0,41.0
grok free vs premium,0,1,0.0,42.0
個性化grok設定,0,1,0.0,43.0
x premium supergrok,0,1,0.0,47.0
difference between x premium and super grok,0,1,0.0,49.0
x1grok,0,1,0.0,50.0
grok安装包,0,1,0.0,58.0
grok api,0,1,0.0,61.0
grok4 免费,0,1,0.0,71.0
grok ani,0,1,0.0,84.0
grok api 使用,0,1,0.0,95.0
grok 訂閱,0,1,0.0,96.0
grok ai 怎麼 用,0,1,0.0,152.0
